﻿<parameters>
  <parameter name="IIS Web Application Name" defaultValue="Default Web Site/" tags="IisApp">
    <parameterEntry kind="ProviderPath" scope="IisApp" match="^F:\\SourceCode\\Project\ Web\\ElectroniceDiviceWeb\\ElectroniceDeviceWeb\\ElectroniceDeviceWeb\\obj\\Debug\\Package\\PackageTmp$" />
    <parameterEntry kind="ProviderPath" scope="setAcl" match="^F:\\SourceCode\\Project\ Web\\ElectroniceDiviceWeb\\ElectroniceDeviceWeb\\ElectroniceDeviceWeb\\obj\\Debug\\Package\\PackageTmp$" />
  </parameter>
  <parameter name="ElectroniceDeviceWeb_dbEntities-Web.config Connection String" description="ElectroniceDeviceWeb_dbEntities Connection String used in web.config by the application to access the database." defaultValue="metadata=res://*/Models.ElectroniceDeviceWeb_db.csdl|res://*/Models.ElectroniceDeviceWeb_db.ssdl|res://*/Models.ElectroniceDeviceWeb_db.msl;provider=System.Data.SqlClient;provider connection string=&quot;data source=electronicedevicewebdbserver.database.windows.net;initial catalog=ElectroniceDeviceWeb_db;user id=lamminhhy;password=01674275557PassWord;MultipleActiveResultSets=True;App=EntityFramework&quot;" tags="SqlConnectionString">
    <parameterEntry kind="XmlFile" scope="F:\\SourceCode\\Project\ Web\\ElectroniceDiviceWeb\\ElectroniceDeviceWeb\\ElectroniceDeviceWeb\\obj\\Debug\\Package\\PackageTmp\\Web\.config$" match="/configuration/connectionStrings/add[@name='ElectroniceDeviceWeb_dbEntities']/@connectionString" />
  </parameter>
  <parameter name="ECartDBEntities-Web.config Connection String" description="ECartDBEntities Connection String used in web.config by the application to access the database." defaultValue="metadata=res://*/Models.ElectroniceDiviceWeb_db.csdl|res://*/Models.ElectroniceDiviceWeb_db.ssdl|res://*/Models.ElectroniceDiviceWeb_db.msl;provider=System.Data.SqlClient;provider connection string=&quot;data source=DESKTOP-6PUFK9M;initial catalog=ECartDB;user id=sa;password=sapassword;MultipleActiveResultSets=True;App=EntityFramework&quot;" tags="SqlConnectionString">
    <parameterEntry kind="XmlFile" scope="F:\\SourceCode\\Project\ Web\\ElectroniceDiviceWeb\\ElectroniceDeviceWeb\\ElectroniceDeviceWeb\\obj\\Debug\\Package\\PackageTmp\\Web\.config$" match="/configuration/connectionStrings/add[@name='ECartDBEntities']/@connectionString" />
  </parameter>
  <parameter name="ElectricDeviceDBEntities-Web.config Connection String" description="ElectricDeviceDBEntities Connection String used in web.config by the application to access the database." defaultValue="metadata=res://*/Models.ElectricDeviceDB.csdl|res://*/Models.ElectricDeviceDB.ssdl|res://*/Models.ElectricDeviceDB.msl;provider=System.Data.SqlClient;provider connection string='data source=&quot;aa19bpz2ge4alwh.cznzt1dpircy.us-east-1.rds.amazonaws.com, 1433&quot;;initial catalog=ElectricDeviceDB;user id=sa;password=sapassword;MultipleActiveResultSets=True;App=EntityFramework'" tags="SqlConnectionString">
    <parameterEntry kind="XmlFile" scope="F:\\SourceCode\\Project\ Web\\ElectroniceDiviceWeb\\ElectroniceDeviceWeb\\ElectroniceDeviceWeb\\obj\\Debug\\Package\\PackageTmp\\Web\.config$" match="/configuration/connectionStrings/add[@name='ElectricDeviceDBEntities']/@connectionString" />
  </parameter>
</parameters>